rain_band,fclass,tod,n,mean_deviation,sd,ci_low,ci_high,pct_speed_loss,dry_reference,delta_vs_none_pct
light,motorway,am_peak,91,-0.10932645115855344,0.33233535922619123,-0.17760809206846562,-0.04104481024864126,-10.93,-0.015414324552252024,-9.391
light,motorway,midday,72,0.08982541755139117,0.2472359878242871,0.03271786692717578,0.14693296817560658,8.98,-0.023916316184194972,11.374
light,motorway,night,144,0.0017815346528961351,0.1724128671196568,-0.026378716404713117,0.029941785710505386,0.18,-0.0009896011698952336,0.277
light,other,am_peak,1676,-0.11977663004935438,0.5758584758405753,-0.14734600060616507,-0.09220725949254369,-11.98,-0.10911768774833451,-1.066
light,other,evening,576,-0.16899925520997192,0.4700582061429076,-0.20738663695766682,-0.130611873462277,-16.9,-0.05815157377618972,-11.085
light,other,midday,1591,-0.007317499332341481,0.2627872516998579,-0.020230206360533375,0.005595207695850412,-0.73,-0.008627114228835022,0.131
light,other,night,2209,-0.12661328070861833,0.5258747582720523,-0.14854297421334012,-0.10468358720389652,-12.66,-0.06752318439174243,-5.909
light,other,pm_peak,641,-0.07952511181501183,0.3202619031882127,-0.1043178423293051,-0.05473238130071856,-7.95,-0.033960096971481245,-4.557
light,primary,am_peak,10054,-0.0634698398002586,0.3515096102399127,-0.07034077506944052,-0.05659890453107668,-6.35,-0.04396060677931083,-1.951
light,primary,evening,3244,-0.027089964963649665,0.20080584274512273,-0.03400005994266769,-0.02017986998463164,-2.71,-0.009634244810942365,-1.746
light,primary,midday,9371,-0.016890215249997564,0.1773016427098836,-0.0204799956738068,-0.01330043482618833,-1.69,-0.002340929296193947,-1.455
light,primary,night,12309,-0.09154604286285692,0.417203532646599,-0.09891633471750035,-0.08417575100821349,-9.15,-0.046461815630724435,-4.508
light,primary,pm_peak,4198,-0.057971853428406606,0.4507604023624302,-0.07160740264300376,-0.04433630421380945,-5.8,-0.054614802725694495,-0.336
light,secondary,am_peak,10228,-0.012854376600554319,0.19458486446254192,-0.016625422261182278,-0.00908333093992636,-1.29,-0.004620077455948731,-0.823
light,secondary,evening,2979,-0.00365706752709086,0.11347304850584747,-0.007731860658051239,0.0004177256038695189,-0.37,-0.021024958192257952,1.737
light,secondary,midday,8473,-0.003901506471688709,0.13837167515189533,-0.006847804599930701,-0.0009552083434467159,-0.39,-0.001018101948377915,-0.288
light,secondary,night,10721,0.0014708030492629905,0.20803372611786522,-0.0024670925161115686,0.005408698614637549,0.15,-0.02954653265092356,3.102
light,secondary,pm_peak,3826,0.01592188701695488,0.20217461973858555,0.009515661152357996,0.022328112881551766,1.59,0.0035346538619222905,1.239
light,secondary_link,am_peak,586,-0.14441581256332667,0.4442764439282042,-0.18038681770055393,-0.1084448074260994,-14.44,-0.09976834475800568,-4.465
light,secondary_link,evening,240,-0.08599857955165463,0.3350714959159948,-0.1283901941492614,-0.04360696495404788,-8.6,-0.05136596525289333,-3.463
light,secondary_link,midday,598,-0.0019364300130635683,0.14678646796806433,-0.013701202226629197,0.00982834220050206,-0.19,0.0018502754999966356,-0.379
light,secondary_link,night,854,-0.1338815513820044,0.47926869732354366,-0.16602542588053354,-0.10173767688347525,-13.39,-0.06310127991270921,-7.078
light,secondary_link,pm_peak,239,-0.08955291348525758,0.471007478235358,-0.1492670211043062,-0.02983880586620897,-8.96,-0.059633051074282406,-2.992
light,tertiary,am_peak,3960,-0.07210003318854766,0.3144692727268382,-0.08189445306347089,-0.06230561331362442,-7.21,-0.054849298359946,-1.725
light,tertiary,evening,1306,-0.05133415472749327,0.2503888491234645,-0.06491389582261542,-0.03775441363237112,-5.13,-0.033473297794447014,-1.786
light,tertiary,midday,3918,0.002922944395122796,0.13341021643439746,-0.0012544450717853596,0.007100333862030951,0.29,-0.002740822772804854,0.566
light,tertiary,night,4805,-0.02998964749277866,0.34283174882457473,-0.039683188068273256,-0.020296106917284062,-3.0,-0.030436083952326973,0.045
light,tertiary,pm_peak,1827,-0.016640149741563942,0.27261948052630425,-0.02914088928699083,-0.004139410196137054,-1.66,-0.017628613228117117,0.099
light,trunk,am_peak,24434,-0.03516641848990302,0.2804883108998802,-0.03868336349140334,-0.0316494734884027,-3.52,-0.03029436169838255,-0.487
light,trunk,evening,8489,-0.042831823692348225,0.22709202208882712,-0.04766265314063541,-0.03800099424406104,-4.28,-0.005028122647110194,-3.78
light,trunk,midday,21820,-0.014776219200549496,0.19590359108941582,-0.017375559370556733,-0.012176879030542258,-1.48,-0.002382927203962122,-1.239
light,trunk,night,35349,-0.06992890435914441,0.32248911789505846,-0.07329072541222863,-0.06656708330606019,-6.99,-0.03708716552066216,-3.284
light,trunk,pm_peak,8994,-0.13325598821886725,0.4761028715013988,-0.14309547515967153,-0.12341650127806299,-13.33,-0.057496229167891204,-7.576
light,trunk_link,am_peak,196,-0.013710080056282596,0.19004362805065453,-0.04031569929975924,0.012895539187194053,-1.37,-0.009611108543108952,-0.41
light,trunk_link,evening,36,-0.02470420416874273,0.16201017461601355,-0.07762655581559279,0.02821814747810733,-2.47,-0.01621722650736168,-0.849
light,trunk_link,midday,308,-0.17215988952020414,0.5630363658263452,-0.23503940441008914,-0.10928037463031916,-17.22,-0.046491344989248964,-12.567
light,trunk_link,night,250,-0.08269797662932198,0.28896504909404436,-0.11851779729949063,-0.04687815595915331,-8.27,0.011535824488889648,-9.423
light,trunk_link,pm_peak,151,-0.09922557523787566,0.2565870741863181,-0.1401511130604832,-0.058300037415268124,-9.92,-0.010019774762427939,-8.921
moderate,motorway,evening,36,0.11744977511612505,0.2016573477133593,0.051576251473847284,0.1833232987584028,11.74,0.010318873722365623,10.713
moderate,other,am_peak,144,0.0010624797122363112,0.20798828893973384,-0.032908316849720065,0.035033276274192685,0.11,-0.10911768774833451,11.018
moderate,other,evening,324,-0.05569118672565553,0.306570018981892,-0.08907264231920137,-0.022309731132109697,-5.57,-0.05815157377618972,0.246
moderate,other,midday,264,-0.043632636572277186,0.22226474608788047,-0.07044386512043342,-0.016821408024120955,-4.36,-0.008627114228835022,-3.501
moderate,other,night,37,-0.308565421407808,0.5166569442417903,-0.4750406053427413,-0.14209023747287475,-30.86,-0.06752318439174243,-24.104
moderate,other,pm_peak,263,-0.04467640753419735,0.3157008689294358,-0.08283092780853027,-0.006521887259864426,-4.47,-0.033960096971481245,-1.072
moderate,primary,am_peak,1460,-0.01982567845349308,0.1769345371699856,-0.028901465162053393,-0.010749891744932768,-1.98,-0.04396060677931083,2.413
moderate,primary,evening,1664,-0.017543352963308115,0.1726809204892882,-0.02584025167941529,-0.00924645424720094,-1.75,-0.009634244810942365,-0.791
moderate,primary,midday,1874,-0.005722473539152975,0.20187523892649592,-0.014862476887817482,0.0034175298095115323,-0.57,-0.002340929296193947,-0.338
moderate,primary,night,993,-0.08337168862681058,0.31078087536688354,-0.10270150622042812,-0.06404187103319303,-8.34,-0.046461815630724435,-3.691
moderate,primary,pm_peak,1980,0.011716322978825104,0.3565488539884714,-0.003988554195885239,0.027421200153535448,1.17,-0.054614802725694495,6.633
moderate,secondary,am_peak,1356,-0.006773661623322898,0.15320084865506692,-0.014927825225961176,0.0013805019793153806,-0.68,-0.004620077455948731,-0.215
moderate,secondary,evening,936,-0.00014572107270348095,0.1371661288204194,-0.008933053414758606,0.008641611269351646,-0.01,-0.021024958192257952,2.088
moderate,secondary,midday,1581,0.02088873082638276,0.13981829670913093,0.013996716577571077,0.02778074507519444,2.09,-0.001018101948377915,2.191
moderate,secondary,night,1096,-0.026747754178565397,0.16259450058334254,-0.036373816515616886,-0.01712169184151391,-2.67,-0.02954653265092356,0.28
moderate,secondary,pm_peak,1607,0.0007599416333004529,0.20550346472729714,-0.009287588200763875,0.01080747146736478,0.08,0.0035346538619222905,-0.277
moderate,secondary_link,am_peak,72,-0.02504415484151383,0.09853553617589793,-0.04780428442446333,-0.002284025258564335,-2.5,-0.09976834475800568,7.472
moderate,secondary_link,evening,156,-0.0280438077706485,0.21419247272835396,-0.061655470714833634,0.005567855173536633,-2.8,-0.05136596525289333,2.332
moderate,secondary_link,midday,96,-0.06930498097675478,0.14548299663560546,-0.09840710692543524,-0.040202855028074316,-6.93,0.0018502754999966356,-7.116
moderate,secondary_link,pm_peak,119,0.044006935341514127,0.3823176237574935,-0.024683921219352693,0.11269779190238094,4.4,-0.059633051074282406,10.364
moderate,tertiary,am_peak,520,-0.048491345594750844,0.17307951994016177,-0.06336754888559547,-0.03361514230390622,-4.85,-0.054849298359946,0.636
moderate,tertiary,evening,710,-0.007636692376558973,0.16412972767743889,-0.019709441308012835,0.004436056554894889,-0.76,-0.033473297794447014,2.584
moderate,tertiary,midday,704,0.005595693877011996,0.08589651389268094,-0.000749389061097284,0.011940776815121276,0.56,-0.002740822772804854,0.834
moderate,tertiary,night,306,-0.0024520919673572668,0.18267234295531354,-0.022919374293625828,0.018015190358911293,-0.25,-0.030436083952326973,2.798
moderate,tertiary,pm_peak,750,-0.015436833691025638,0.2060812603410259,-0.030185609172642673,-0.0006880582094086051,-1.54,-0.017628613228117117,0.219
moderate,trunk,am_peak,2376,-0.010563481912471636,0.19208182582785993,-0.018286928572161684,-0.0028400352527815876,-1.06,-0.03029436169838255,1.973
moderate,trunk,evening,5254,-0.006408352808502742,0.16594438368824296,-0.01089545146887449,-0.0019212541481309943,-0.64,-0.005028122647110194,-0.138
moderate,trunk,midday,3451,-0.01480991359834985,0.13448198151422103,-0.01929674462476636,-0.010323082571933338,-1.48,-0.002382927203962122,-1.243
moderate,trunk,night,830,-0.0985873187920908,0.4224360031277355,-0.12732620767107528,-0.06984842991310632,-9.86,-0.03708716552066216,-6.15
moderate,trunk,pm_peak,4076,-0.000960510230597462,0.37711539874437355,-0.012537756538602446,0.010616736077407521,-0.1,-0.057496229167891204,5.654
moderate,trunk_link,am_peak,48,0.0029449303315861783,0.14742524737125454,-0.0387611466893766,0.04465100735254896,0.29,-0.009611108543108952,1.256
moderate,trunk_link,evening,36,-0.02533924765258779,0.20910561265482158,-0.09364582648615358,0.042967331180978,-2.53,-0.01621722650736168,-0.912
none,motorway,am_peak,407,-0.015414324552252024,0.2125541494389336,-0.036064344590829876,0.005235695486325831,-1.54,-0.015414324552252024,0.0
none,motorway,evening,370,0.010318873722365623,0.12221680868767258,-0.0021342462389891837,0.022771993683720432,1.03,0.010318873722365623,0.0
none,motorway,midday,568,-0.023916316184194972,0.3048202990253552,-0.04898420797717739,0.001151575608787446,-2.39,-0.023916316184194972,0.0
none,motorway,night,784,-0.0009896011698952336,0.1761053208577173,-0.013316747208808627,0.011337544869018161,-0.1,-0.0009896011698952336,0.0
none,motorway,pm_peak,381,-0.10590407518593072,0.543774735465221,-0.16050558256485814,-0.05130256780700329,-10.59,-0.10590407518593072,0.0
none,other,am_peak,4286,-0.10911768774833451,0.5636903446459104,-0.12599341925087557,-0.09224195624579345,-10.91,-0.10911768774833451,0.0
none,other,evening,4100,-0.05815157377618972,0.35658881131669573,-0.0690665772505518,-0.04723657030182764,-5.82,-0.05815157377618972,0.0
none,other,midday,4844,-0.008627114228835022,0.2552629876808805,-0.015815541369857,-0.0014386870878130443,-0.86,-0.008627114228835022,0.0
none,other,night,5807,-0.06752318439174243,0.485852691262683,-0.0800193506333936,-0.05502701815009126,-6.75,-0.06752318439174243,0.0
none,other,pm_peak,3756,-0.033960096971481245,0.2957818263916369,-0.04341934882905839,-0.024500845113904098,-3.4,-0.033960096971481245,0.0
none,primary,am_peak,27049,-0.04396060677931083,0.333354817465396,-0.04793324688956861,-0.03998796666905305,-4.4,-0.04396060677931083,0.0
none,primary,evening,25707,-0.009634244810942365,0.15715200470212287,-0.011555310967574532,-0.007713178654310198,-0.96,-0.009634244810942365,0.0
none,primary,midday,25991,-0.002340929296193947,0.16718851571510443,-0.004373487739636641,-0.0003083708527512525,-0.23,-0.002340929296193947,0.0
none,primary,night,37959,-0.046461815630724435,0.3287306448439065,-0.049768790577178194,-0.043154840684270675,-4.65,-0.046461815630724435,0.0
none,primary,pm_peak,21465,-0.054614802725694495,0.47338612834781896,-0.06094763776797025,-0.04828196768341874,-5.46,-0.054614802725694495,0.0
none,secondary,am_peak,40421,-0.004620077455948731,0.1953187163053529,-0.006524171650730757,-0.0027159832611667054,-0.46,-0.004620077455948731,0.0
none,secondary,evening,34020,-0.021024958192257952,0.40110533447788616,-0.02528721268977375,-0.016762703694742156,-2.1,-0.021024958192257952,0.0
none,secondary,midday,32136,-0.001018101948377915,0.15523507901887282,-0.002715337233832703,0.0006791333370768733,-0.1,-0.001018101948377915,0.0
none,secondary,night,49519,-0.02954653265092356,0.7242547649805108,-0.03592554617212796,-0.023167519129719157,-2.95,-0.02954653265092356,0.0
none,secondary,pm_peak,31329,0.0035346538619222905,0.2206580919957399,0.0010912532030503226,0.005978054520794258,0.35,0.0035346538619222905,0.0
none,secondary_link,am_peak,1581,-0.09976834475800568,0.44139655071780304,-0.12152595008237922,-0.07801073943363214,-9.98,-0.09976834475800568,0.0
none,secondary_link,evening,1530,-0.05136596525289333,0.2820457647015846,-0.06549856181936939,-0.03723336868641727,-5.14,-0.05136596525289333,0.0
none,secondary_link,midday,1952,0.0018502754999966356,0.14644755068962992,-0.00464638691767379,0.00834693791766706,0.19,0.0018502754999966356,0.0
none,secondary_link,night,2563,-0.06310127991270921,0.3973304911715257,-0.07848373605345038,-0.04771882377196803,-6.31,-0.06310127991270921,0.0
none,secondary_link,pm_peak,1413,-0.059633051074282406,0.4104884644946916,-0.08103621465064387,-0.038229887497920945,-5.96,-0.059633051074282406,0.0
none,tertiary,am_peak,12321,-0.054849298359946,0.31694460488210874,-0.06044569489655102,-0.04925290182334098,-5.48,-0.054849298359946,0.0
none,tertiary,evening,12045,-0.033473297794447014,0.24563536821585402,-0.03785997413052961,-0.02908662145836442,-3.35,-0.033473297794447014,0.0
none,tertiary,midday,15206,-0.002740822772804854,0.18632311885464536,-0.005702292834473781,0.00022064728886407288,-0.27,-0.002740822772804854,0.0
none,tertiary,night,16800,-0.030436083952326973,0.3366011995570947,-0.03552598234658612,-0.025346185558067825,-3.04,-0.030436083952326973,0.0
none,tertiary,pm_peak,10599,-0.017628613228117117,0.26067102284256605,-0.02259120332366675,-0.012666023132567483,-1.76,-0.017628613228117117,0.0
none,trunk,am_peak,67957,-0.03029436169838255,0.2723521566413622,-0.03234204040342292,-0.028246682993342178,-3.03,-0.03029436169838255,0.0
none,trunk,evening,60183,-0.005028122647110194,0.17752438991659347,-0.006446426252674414,-0.003609819041545973,-0.5,-0.005028122647110194,0.0
none,trunk,midday,75331,-0.002382927203962122,0.21021770645568447,-0.003884099433139285,-0.0008817549747849587,-0.24,-0.002382927203962122,0.0
none,trunk,night,102325,-0.03708716552066216,0.27292806694502764,-0.038759431740648366,-0.03541489930067595,-3.71,-0.03708716552066216,0.0
none,trunk,pm_peak,56829,-0.057496229167891204,0.5542478715172696,-0.06205310422916065,-0.05293935410662176,-5.75,-0.057496229167891204,0.0
none,trunk_link,am_peak,2004,-0.009611108543108952,0.23528632476899003,-0.019912500735277984,0.0006902836490600816,-0.96,-0.009611108543108952,0.0
none,trunk_link,evening,2436,-0.01621722650736168,0.21736096106754593,-0.024848820381417808,-0.0075856326333055574,-1.62,-0.01621722650736168,0.0
none,trunk_link,midday,3588,-0.046491344989248964,0.34848072624096094,-0.05789385967911016,-0.035088830299387766,-4.65,-0.046491344989248964,0.0
none,trunk_link,night,2522,0.011535824488889648,0.25752320518724736,0.0014852260314122036,0.02158642294636709,1.15,0.011535824488889648,0.0
none,trunk_link,pm_peak,2507,-0.010019774762427939,0.32203129934739055,-0.02262553410760613,0.002585984582750254,-1.0,-0.010019774762427939,0.0
