city,german,verdict,rows,n_detectors,n_days,first_day,last_day,span_days,day_density_pct,resolution_sec,flow_pct,occ_pct,speed_pct,error_ok_pct,error_flagged_pct,error_unassessed_pct,occ_min,occ_max,speed_min,speed_max,speed_avg
hamburg,True,NO_SPEED,20415435,418,105,2016-08-27,2016-12-09,105,100.0,180,100.0,99.3385,0.0,0.0,48.5335,51.4665,0.0,1.0,,,
darmstadt,True,NO_SPEED,4677926,392,39,2015-09-21,2016-05-06,229,17.0306,180,100.0,100.0,0.0,0.0,56.6564,43.3436,0.0,1.32,,,
augsburg,True,NO_SPEED,3443577,713,20,2017-05-06,2017-05-25,20,100.0,300,100.0,100.0,0.0,0.0,45.9837,54.0163,0.0,1.24,,,
bremen,True,NO_SPEED,3578512,548,14,2016-09-19,2016-10-02,14,100.0,180,100.0,99.9962,0.0,74.1235,25.8765,0.0,0.0,1.305,,,
speyer,True,NO_SPEED,1235392,184,14,2016-09-19,2016-10-02,14,100.0,180,100.0,99.9998,0.0,0.0,35.623,64.377,0.0,1.0,,,
wolfsburg,True,NO_SPEED,893672,133,14,2016-09-19,2016-10-02,14,100.0,180,100.0,99.9973,0.0,0.0,32.1035,67.8965,0.0,1.0,,,
stuttgart,True,NO_SPEED,600192,298,8,2016-03-21,2016-07-22,124,6.4516,299,100.0,100.0,0.0,0.0,35.1191,64.8809,0.0,2.55,,,
kassel,True,NO_SPEED,534684,505,6,2016-08-28,2016-09-02,6,100.0,300,100.0,99.8805,0.0,0.0,19.461,80.539,0.0,1.28,,,
munich,True,NO_SPEED,149270,520,1,2017-02-14,2017-02-14,1,100.0,300,100.0,100.0,0.0,0.0,36.2826,63.7174,0.0,1.0,,,
frankfurt,True,NO_SPEED,30638,112,1,2016-12-21,2016-12-21,1,100.0,300,100.0,100.0,0.0,0.0,32.7991,67.2009,0.0002001953125,1.482666015625,,,
luzern,False,NO_SPEED,26878297,158,365,2015-01-01,2015-12-31,365,100.0,180,100.0,100.0,0.0,0.0,33.7296,66.2704,0.0,999.99,,,
paris,False,NO_SPEED,1548314,208,336,2016-01-01,2016-12-01,336,100.0,3600,100.0,88.8622,0.0,0.0,6.8787,93.1213,0.0,0.902,,,
toronto,False,NO_SPEED,1042330,188,61,2016-09-01,2017-01-31,153,39.8693,900,100.0,100.0,0.0,0.0,27.0039,72.9961,0.0,1.0,,,
cagliari,False,NO_SPEED,2820293,122,50,2016-05-16,2016-07-29,75,66.6667,180,100.0,100.0,0.0,0.0,21.7594,78.2406,0.0,1.0,,,
marseille,False,NO_SPEED,2433600,169,31,2017-06-01,2017-07-01,31,100.0,180,100.0,100.0,0.0,0.0,19.5709,80.4291,-0.01,1.0,,,
strasbourg,False,NO_SPEED,1327558,142,25,2017-05-10,2017-11-11,186,13.4409,180,100.0,99.0733,0.0,0.0,0.0,100.0,0.0,1.29,,,
london,False,NO_SPEED,34397322,5719,23,2015-05-15,2016-05-22,374,6.1497,300,100.0,100.0,0.0,64.4333,35.5667,0.0,0.0,1.0,,,
madrid,False,NO_SPEED,5070083,1116,20,2016-08-29,2017-11-11,440,4.5455,300,100.0,100.0,0.0,0.0,32.068,67.932,-0.01,194.04,,,
melbourne,False,NO_SPEED,1369849,954,15,2018-02-12,2018-02-26,15,100.0,900,100.0,0.0,0.0,0.0,15.008,84.992,,,,,
taipeh,False,NO_SPEED,2408368,445,14,2017-09-18,2017-10-01,14,100.0,180,100.0,100.0,0.0,0.0,21.9047,78.0953,-0.01,1.0,,,
santander,False,NO_SPEED,490136,219,11,2016-06-17,2016-12-02,169,6.5089,300,100.0,100.0,0.0,0.0,18.4608,81.5392,0.0,1.27,,,
graz,False,NO_SPEED,847827,300,10,2016-04-04,2016-09-23,173,5.7803,299,100.0,100.0,0.0,0.0,31.07,68.93,0.0,2.55,,,
basel,False,NO_SPEED,155232,77,8,2016-10-24,2016-10-31,8,100.0,299,100.0,100.0,0.0,0.0,29.416,70.584,0.0,1.0,,,
bern,False,NO_SPEED,1526032,755,8,2016-10-24,2016-10-31,8,100.0,300,100.0,100.0,0.0,0.0,49.2885,50.7115,0.0,1.252,,,
zurich,False,NO_SPEED,3425002,1020,7,2015-10-26,2015-11-01,7,100.0,180,100.0,100.0,0.0,99.7829,0.2171,0.0,0.0,28.335556,,,
toulouse,False,NO_SPEED,1602720,477,7,2008-05-16,2008-06-27,43,16.2791,180,100.0,100.0,0.0,0.0,21.3755,78.6245,-0.0111111111111111,0.577777777777778,,,
bordeaux,False,NO_SPEED,844416,425,7,2016-11-21,2016-11-27,7,100.0,300,100.0,82.367,0.0,65.1854,34.8146,0.0,0.0,1.00333333333333,,,
losangeles,False,NO_SPEED,4611254,1722,6,2017-10-02,2017-10-10,9,66.6667,180,100.0,100.0,0.0,0.0,32.9822,67.0178,-0.010305952,0.99000001,,,
utrecht,False,NO_SPEED,1174140,1027,4,2017-06-12,2017-06-15,4,100.0,300,100.0,0.0,0.0,0.0,35.0306,64.9694,,,,,
vilnius,False,NO_SPEED,209614,581,1,2015-03-17,2015-03-17,1,100.0,180,100.0,100.0,0.0,0.0,19.0312,80.9688,0.0,1.0,,,
constance,True,SHORT_COVERAGE,245952,122,7,2017-02-13,2017-02-19,7,100.0,299,100.0,100.0,100.0,0.0,33.3915,66.6085,0.0,1.0,0.0,178.1,30.7581
manchester,False,SHORT_COVERAGE,1142893,181,28,2017-09-08,2017-11-18,72,38.8889,300,100.0,99.5757,100.0,0.0,33.0562,66.9438,0.0,2094.0,0.0,130.0,31.4715
torino,False,SHORT_COVERAGE,2080768,399,21,2016-09-26,2016-10-16,21,100.0,300,100.0,100.0,100.0,0.0,12.5475,87.4525,-300.0,inf,-1.0,191.33,41.5777
birmingham,False,SHORT_COVERAGE,112463,52,12,2017-10-23,2017-11-18,27,44.4444,300,100.0,0.0,92.2374,0.0,0.0,100.0,,,0.666666666666667,130.0,35.571
rotterdam,False,SHORT_COVERAGE,351257,259,6,2017-09-21,2017-11-02,43,13.9535,300,100.0,99.9994,100.0,0.0,28.1586,71.8414,0.0,inf,0.0,243.0,36.5386
bolton,False,SHORT_COVERAGE,246842,166,6,2017-11-13,2017-11-18,6,100.0,300,100.0,95.8909,100.0,0.0,79.0733,20.9267,0.0,1164.0,0.0,130.0,24.4555
groningen,False,SHORT_COVERAGE,28378,55,2,2017-09-21,2017-10-06,16,12.5,300,100.0,100.0,100.0,0.0,27.4579,72.5421,0.0,inf,0.0,253.0,36.0842
essen,True,VIABLE,291893,36,35,2017-03-27,2017-09-30,188,18.617,300,100.0,99.8818,99.9997,99.7163,0.2837,0.0,0.0,0.8,1.0,211.0,53.3912
innsbruck,False,VIABLE,138240,16,30,2017-04-01,2017-04-30,30,100.0,240,100.0,0.0,100.0,0.0,6.7867,93.2133,,,0.0,77.400002,31.3397
